MA_5,MA_10,MA_20,MA_30,MA_40,MA_60,chicangliangbianhua,zijinbiandong,jiagebiandonggongxiandu,fenlei
0.0,0.0,0.0,0.0,0.0,0.0,0.539606458123,0.53945295957,1.0,1.0
0.0,0.0,0.0,0.0,0.0,0.0,1.0,1.0,0.0,0.0
0.0,0.0,0.0,0.0,0.0,0.0,0.0,0.0,0.0755762045823,0.0
0.0,0.0,0.0,0.0,0.0,0.0,0.0988900100908,0.0990797242399,0.0615411383383,0.0
9.14624612741,0.0,0.0,0.0,0.0,0.0,0.291624621594,0.29111264661,0.162348065262,1.0
-29.1462461274,0.0,0.0,0.0,0.0,0.0,0.312058526741,0.312025995479,0.039134793443,0.0
