combination,rate
"(0, 6, 8)",0.842105263158
"(0, 6, 7, 8)",0.842105263158
"(8,)",0.842105263158
"(0, 7, 8)",0.842105263158
"(6, 7, 8)",0.842105263158
"(7, 8)",0.842105263158
"(6, 8)",0.842105263158
"(4, 8)",0.789473684211
"(4, 5, 8)",0.789473684211
"(5, 8)",0.789473684211
