combination,rate
"(8,)",0.814814814815
"(2, 5, 8)",0.757575757576
"(6, 7, 8)",0.754208754209
"(3, 8)",0.750841750842
