category,combination,rate,trend
JD,"(3,)",1.0,1
IC,"(6, 7)",1.0,1
TF,"(8,)",0.976744186047,1
IH,"(3, 7, 8)",0.973684210526,1
IF,"(7,)",0.963099630996,1
T,"(0, 1, 4, 6, 7, 8)",0.902654867257,1
M,"(0, 5, 7, 8)",0.895622895623,1
PM,"(0, 5, 7, 8)",0.890243902439,1
CY,"(5, 8)",0.882352941176,1
JR,"(0, 5, 7, 8)",0.870967741935,1
