combination,rate
"(8,)",0.838709677419
"(6, 7, 8)",0.8
"(2, 6, 7, 8)",0.793548387097
"(1, 2, 7, 8)",0.78064516129
"(0, 2, 7, 8)",0.774193548387
"(1, 2, 6, 8)",0.767741935484
"(3, 4, 7, 8)",0.767741935484
"(2, 6, 8)",0.767741935484
"(0, 7, 8)",0.767741935484
"(4, 7, 8)",0.767741935484
"(2, 3, 4, 8)",0.761290322581
"(2, 3, 7, 8)",0.761290322581
"(2, 4, 7, 8)",0.761290322581
"(1, 6, 7, 8)",0.754838709677
"(2, 7, 8)",0.754838709677
"(1, 7, 8)",0.754838709677
"(5, 6, 7, 8)",0.754838709677
