combination,rate
"(8,)",0.793893129771
"(6, 8)",0.770992366412
