combination,rate
"(8,)",0.833865814696
"(0, 2, 8)",0.757188498403
