combination,rate
"(8,)",0.853658536585
"(1, 3, 5, 8)",0.763066202091
